cob_uo_grupo;Casos_Muestra;Poblacion_Estimada;Distribucion_Pct
Servicios y vendedores de comercio;85.0;17705.8;38.59
Ocupaciones elementales;30.0;7545.9;16.45
Oficiales, operarios y artesanos;30.0;5206.6;11.35
Personal de apoyo administrativo;20.0;4333.8;9.45
Técnicos y profesionales medios;19.0;4055.3;8.84
Profesionales científicos e intelectuales;13.0;2980.3;6.5
Operadores de instalaciones y máquinas;8.0;2551.3;5.56
Trabajadores agropecuarios calificados;9.0;1431.0;3.12
Directores y gerentes;1.0;72.0;0.16
